registros,I_Cmp,I_Und
9918,CAFÉ,"PACOTE 500,00 G"
7071,CAFÉ,QUILOGRAMA
5391,CAFÉ,"PACOTE 250,00 G"
5149,CAFÉ,KG
3983,CAFÉ,"PACOTE 1,00 KG"
3465,CAFÉ,UNIDADE
2287,CAFÉ,"PACOTE 500,00 G"
1900,CAFÉ,PACOTE
1518,CAFÉ,"*PACOTE 1,00 KG"
1172,CAFÉ,"PACOTE 250,00 G"
1100,CAFÉ,PCT
1001,CAFÉ,"*PACOTE 500,00 G"
885,CAFÉ,"PACOTE 5,00 KG"
763,CAFÉ,"*PACOTE 250,00 G"
740,CAFÉ,"PACOTE 1,00 KG"
666,CAFÉ,UNIDADE
566,CAFÉ,"PACOTE 250,00 KG"
555,CAFE TORRADO,KG
545,CAFÉ,QUILO
490,CAFÉ,UN
477,CAFÉ,KILO
452,CAFÉ,"FRASCO 200,00 G"
352,CAFÉ,FD
345,CAFÉ,UND
313,CAFÉ,"CAIXA 500,00 G"
310,CAFÉ,CAIXA
308,CAFÉ,FARDO
293,CAFÉ,"CAIXA 20,00 UN"
269,CAFÉ,PACOTE 500G
263,CAFÉ,CX
261,CAFÉ,"CAIXA 250,00 G"
244,CAFÉ,"*PACOTE 5,00 KG"
227,CAFÉ,PACOTES
206,CAFÉ,"LATA 200,00 G"
185,CAFÉ,KG.
182,CAFÉ,KILOS
177,CAFÉ,QUILOS
168,CAFÉ,"FRASCO 100,00 G"
151,CAFÉ,"CAIXA 500,00 G"
146,CAFÉ,PACOTE 500 GRAMAS
128,CAFÉ,PC
126,CAFÉ,PACOTE 250G
123,CAFÉ,"SACO 50,00 G"
114,CAFÉ,KILOGRAMA
107,CAFÉ,PACOTE 500 G
96,CAFÉ,"POTE 200,00 G"
95,CAFE TORRADO,PACOTE
92,CAFÉ,PCT
82,CAFÉ,"SACHÊ 50,00 G"
80,CAFÉ,PACOTE DE 500 GRAMAS
80,CAFÉ,"LATA 200,00 G"
79,CAFÉ,"CAIXA 24,00 UN"
78,CAFÉ,"FRASCO 400,00 G"
75,CAFÉ,UM
74,CAFÉ,PCT 500G
71,CAFÉ,PACOTE DE 500G
70,CAFÉ,PACOTE 500 G
69,CAFÉ,PCTE
68,CAFE TORRADO,QUILO
63,CAFE TORRADO,PCT
59,CAFÉ,UNID
59,CAFÉ,"*PACOTE 250,00 KG"
58,CAFÉ,PACOTE 500GR
56,CAFÉ,KGS
56,CAFÉ,PACOTE 500 GR
53,CAFÉ,FRASCO
53,CAFE TORRADO,KILO
52,CAFÉ,"PACOTE 00000500,00 G"
52,CAFÉ,"CAIXA 10,00 UN"
51,CAFÉ,FARDOS
51,CAFE TORRADO,QUILOGRAMA
51,CAFÉ,"SACHÊ 50,00 G"
50,CAFÉ,PACOTE COM 500G
47,CAFÉ,VIDRO
44,CAFÉ,UNIDADES
43,CAFÉ,KL
43,CAFÉ,PACOTE DE 250G
41,CAFÉ,*PACOTE
41,CAFÉ,"POTE 150,00 G"
40,CAFÉ,PÇ
39,CAFÉ,PACOTE 1 KG
39,CAFÉ,FRD
39,CAFE TORRADO,FD
38,CAFÉ,PACOTE 1KG
38,CAFÉ,PACOTE 250 G
37,CAFÉ,"*FRASCO 200,00 G"
37,CAFÉ,"PACOTE 5,00 KG"
37,CAFÉ,EMBALAGEM
37,CAFÉ,PACOTE 250 GRAMAS
37,CAFÉ,PACOTE COM 250G
36,CAFÉ,KILOGRAMAS
34,CAFÉ,"PACOTE 140,00 G"
34,CAFÉ,LITRO
33,CAFÉ,PACOTES DE 500G
32,CAFÉ,PCT.
32,CAFÉ,"SACHÊ 20,00 G"
31,CAFÉ,PT
31,CAFE TORRADO,FARDO
30,CAFÉ,VD
29,CAFÉ,QUILOGRAMAS
27,CAFÉ,PCT 250G
27,CAFÉ,PACOTE DE 250 GRAMAS
26,CAFÉ,UN.
26,CAFÉ,PACOTE DE 500 G
26,CAFÉ,PACOTE 250 G
25,CAFÉ,COPO
25,CAFÉ,PACOTE DE 250 G
25,CAFE TORRADO,UN
25,CAFE TORRADO,KG.
24,CAFÉ,500G
24,CAFÉ,GRUPO
23,CAFÉ,SC
23,CAFÉ,LT
22,CAFÉ,"PACOTE 400,00 G"
22,CAFÉ,PACOTE COM 500 GRAMA
22,CAFÉ,CAIXAS
22,CAFÉ,EMBALAGEM 500G
21,CAFE TORRADO,CAIXA
21,CAFÉ,K
21,CAFÉ,PCT 500 G
21,CAFE TORRADO,KILOGRAMA
21,CAFÉ,1
20,CAFÉ,PACOTE DE 1 KG
20,CAFÉ,"*FRASCO 100,00 G"
20,CAFÉ,SACO
19,CAFÉ,PACOTES 500G
19,CAFE TORRADO,CX
19,CAFÉ,U
19,CAFÉ,PACOTES DE 500 GRAMA
19,CAFÉ,500 GRAMAS
18,CAFÉ,PCTS
18,CAFÉ,KGS.
17,CAFÉ,"EMBALAGEM 150,00 G"
17,CAFÉ,LOTE
17,CAFE TORRADO,KILOS
17,CAFÉ,PACOTE 500 GRS
17,CAFÉ,LATA
16,CAFÉ,1
16,CAFÉ,GRAMA
16,CAFÉ,KIT
16,CAFÉ,PACOTE DE 1KG
15,CAFÉ,PCT 500GR
15,CAFÉ,FD.
15,CAFE TORRADO,PC
15,CAFE TORRADO,FRD
15,CAFÉ,FDO
15,CAFÉ,UN
15,CAFÉ,"1,00 KG"
15,CAFÉ,PCT 500 GR
15,CAFÉ,MATERIAL
14,CAFE TORRADO,KGS
13,CAFÉ,X
13,CAFÉ,PACOTE COM 250 GRAMA
13,CAFÉ,PACOTE COM 500 G
13,CAFÉ,"SACHÊ 1,30 G"
13,CAFÉ,MESES
13,CAFÉ,PCT 500 GRAMAS
13,CAFÉ,PACOTE C/ 250G
13,CAFÉ,EMBALAGEM DE 500G
13,CAFÉ,GEXSAL
13,CAFE TORRADO,UM
12,CAFÉ,PTE
12,CAFÉ,UNID.
12,CAFÉ,500 GR
12,CAFÉ,CX
12,CAFÉ,PACOTE C/ 500G
12,CAFÉ,LITROS
11,CAFÉ,PACOTES DE 500 GR
11,CAFÉ,SACO 60 KG
11,CAFÉ,PACOTE DE 500 GR
11,CAFÉ,NAO INFORMADO
11,CAFÉ,PACOTES DE 250G
11,CAFÉ,PACOTE COM 500GR
11,CAFÉ,PACOTE DE 500GR
11,CAFÉ,EMBALAGEM 250G
11,CAFÉ,PACOTE 1 KG
11,CAFÉ,PACOTE COM 1 KG
11,CAFÉ,"PACOTE 00000001,00 K"
11,CAFÉ,PEÇA
10,CAFÉ,SACA
10,CAFÉ,EMBALAGEM 500 G
10,CAFÉ,250G
10,CAFÉ,"500,00 G"
10,CAFE TORRADO,QUILOS
10,CAFÉ,1 KG
10,CAFÉ,PCT 500 GRS
10,CAFE TORRADO,UNIDADE
10,CAFÉ,PACOTE C/ 1 KG
10,CAFÉ,PACOTE 250GR
10,CAFÉ,"250,00 G"
10,CAFÉ,EMBALAGEM 50G
9,CAFÉ,"SACO 1,00 KG"
9,CAFÉ,UNI
9,CAFÉ,PACOTE 250 GR
9,CAFÉ,"SACHÊ 1,30 G"
9,CAFÉ,PACOTE C/250G
9,CAFÉ,PACOTES 250G
9,CAFÉ,CXS
9,CAFÉ,VIDROS
8,CAFÉ,PCT 250GR
8,CAFÉ,GARRAFA
8,CAFÉ,FR
8,CAFÉ,CAIXA 500 G
8,CAFÉ,CAIXA COM 20 PACOTES
8,CAFÉ,PCT 250 GR
8,CAFÉ,PCT 1KG
8,CAFÉ,PCT DE 500G
8,CAFÉ,PCT DE 250G
8,CAFÉ,"CAIXA 40,00 UN"
8,CAFÉ,PCT 1 KG
8,CAFÉ,CÁPSULA
8,CAFÉ,PACOTE 500 GRAMA
8,CAFE TORRADO,KGS.
7,CAFÉ,GR
7,CAFÉ,PACOTES 500GR
7,CAFÉ,EMBALAGEM 1KG
7,CAFÉ,PACOTES DE 500 G
7,CAFÉ,"PACOTE 00000250,00 G"
7,CAFÉ,CAIXA COM 500G
7,CAFÉ,500GR
7,CAFÉ,PCT 250 G
7,CAFÉ,PCT - 500 GR
7,CAFÉ,FRD.
7,CAFÉ,"FRASCO 100,00 ML"
7,CAFÉ,PCTE 500G
7,CAFÉ,GRAMAS
7,CAFÉ,PACOTE COM 500 GR
7,CAFÉ,FARDO 5KG
7,CAFÉ,PAC
6,CAFÉ,PACOTE C/ 500 G
6,CAFÉ,CAPSULAS COM 16 UNID
6,CAFÉ,PCT/500G
6,CAFE TORRADO,PACOTE 1KG
6,CAFÉ,PACOTE C/ 500 GRAMAS
6,CAFÉ,PCT COM 500 GRAMAS
6,CAFÉ,PACOTE 500GR.
6,CAFÉ,PACOTE DE 500 GR.
6,CAFÉ,CJ
6,CAFE TORRADO,PACOTES
6,CAFÉ,PCT C/ 500G
6,CAFÉ,PCT C/500G
6,CAFÉ,PACTE
6,CAFÉ,PACOTES COM 250 GRAM
6,CAFÉ,PACOTE 250G.
6,CAFÉ,"SACHÊ 20,00 G"
6,CAFÉ,PCTE.
6,CAFÉ,PCTE 500GR
6,CAFÉ,CX.
6,CAFÉ,PACOTE COM 1KG
6,CAFÉ,PACOTE COM 250 G
6,CAFE TORRADO,PACOTE COM 250G
6,CAFÉ,EMBALAGEM 500 GRAMAS
6,CAFÉ,PCT C/ 250G
6,CAFÉ,POTE
6,CAFE TORRADO,UND
5,CAFÉ,QUILO.
5,CAFE TORRADO,PCTE
5,CAFÉ,500 G
5,CAFÉ,194033
5,CAFÉ,PACOTE C/ 250 GRAMAS
5,CAFÉ,PACOTE COM 5KG
5,CAFÉ,PACOTE 250GRAMAS
5,CAFÉ,JG
5,CAFÉ,EMBALAGEM DE 1 KG
5,CAFÉ,UMA
5,CAFÉ,CAIXA 500G
5,CAFÉ,EMB.
5,CAFÉ,JOGO
5,CAFÉ,PACOTES 500 GR
5,CAFÉ,PACOTE DE 500 GRS
5,CAFÉ,PACOTE 1/2 KG
5,CAFÉ,"PACOTE 0,5 KG"
5,CAFÉ,250 GRAMAS
5,CAFÉ,PCT COM 500G
4,CAFÉ,POTE C/ 200 GRAMAS
4,CAFÉ,PACOTE DE 250GR
4,CAFÉ,PACOTE 250 KG
4,CAFÉ,"FARDO 10,00 KG"
4,CAFÉ,COPO 180ML
4,CAFE TORRADO,*PACOTE
4,CAFÉ,SERVIÇO
4,CAFÉ,PACOTE C/ 250 G
4,CAFÉ,PCT COM 250G
4,CAFÉ,PCT DE 500GR
4,CAFE TORRADO,FDO 20X250G
4,CAFÉ,PACOTE DE 250 GR
4,CAFÉ,PACOTES DE 250G.
4,CAFÉ,PACOTE 500GRS
4,CAFE TORRADO,PACOTE 500 G
4,CAFÉ,UNIDADE DE 250 G
4,CAFÉ,"GALÃO 20,00 L"
4,CAFÉ,EMBALAGEM DE 500 G
4,CAFÉ,DOSE
4,CAFÉ,PACOTES 500 GRAMAS
4,CAFÉ,"PACOTE 180,00 G"
4,CAFÉ,PCT C/ 500GR
4,CAFÉ,EMBALAGEM 200G
4,CAFÉ,"FARDO 30,00 KG"
4,CAFÉ,"EMBALAGEM 500,00 G"
4,CAFÉ,EMBALAGEM DE 50G
4,CAFÉ,"GARRAFA 1,9 L"
4,CAFÉ,LATA COM 200G
4,CAFÉ,PACOTE DE 500GRS
4,CAFE TORRADO,PCT 500 GR
4,CAFÉ,SACHÊ 50G
4,CAFÉ,PACOTE C/500G
4,CAFÉ,PACOTE  500G
4,CAFÉ,"LATA 400,00 G"
4,CAFÉ,FARDO 20X250GM
4,CAFÉ,PCT 500GR.
4,CAFÉ,QUILO (KG)
4,CAFÉ,EMBALAGEM 500 GR
4,CAFÉ,FARDO 5 KG
4,CAFE TORRADO,CAIXAS
4,CAFÉ,PACOTE 500 GR.
4,CAFÉ,PACOTE C/ 500 GR
4,CAFÉ,LATA 200 G
4,CAFÉ,GARRAFA 1L
4,CAFÉ,"PACOTE 0000001,00 KG"
4,CAFÉ,PCT 250 GRAMAS
4,CAFÉ,PACOTE - 500G
4,CAFÉ,CAIXA C/ 20 PACOTES
4,CAFÉ,PCTE 500 G
3,CAFÉ,SAC
3,CAFÉ,QUILOGRAMA (KG)
3,CAFÉ,PCTE 250G
3,CAFÉ,PCT C/250G
3,CAFÉ,"CAIXA 5000,00 UN"
3,CAFÉ,EMB
3,CAFÉ,CAIXA.
3,CAFE TORRADO,PACOTE 500 GRAMAS
3,CAFÉ,"PACOTE 100,00 UN"
3,CAFE TORRADO,PACOTE 500G
3,CAFE TORRADO,PACOTE COM 500 GRAMA
3,CAFÉ,PACOTE DE 1/2 KG
3,CAFÉ,PACOTE DE 500GR.
3,CAFÉ,PACOTES 500 G
3,CAFÉ,PACOTE DE 500 G.
3,CAFÉ,PACOTES 500 GRS
3,CAFÉ,"PACOTE 2,00 KG"
3,CAFE TORRADO,1 KG
3,CAFÉ,FARDO 10X500G
3,CAFÉ,FARDO 30X01
3,CAFÉ,PACOTES DE 250 GRAMA
3,CAFÉ,PCT DE 500 GR
3,CAFÉ,UNITÁRIO
3,CAFÉ,UND.
3,CAFÉ,FARDO COM 5 KG
3,CAFÉ,FRASCO 200G
3,CAFÉ,"CAIXA 00000020,00 UN"
3,CAFÉ,CENTENA
3,CAFÉ,PACOTES COM 500G
3,CAFÉ,PC 500G
3,CAFÉ,PCT C/ 1 KG
3,CAFÉ,PCTES
3,CAFÉ,TAF DISTRIBUIDORA
3,CAFÉ,SACHÊ
3,CAFÉ,PCT. 500G
3,CAFÉ,PCT C/ 500 GR
3,CAFÉ,PCT - 500G
3,CAFÉ,PACOTE 250 G.
3,CAFÉ,KH
3,CAFÉ,EMBALAGEM 250 GRAMAS
3,CAFÉ,CAIXA COM 500GR
3,CAFÉ,PCT C/ 500 GRAMAS
3,CAFÉ,PCTE 500 GRS
3,CAFÉ,PC.
3,CAFÉ,PACOTES DE 500 GRS
3,CAFE TORRADO,PACOTE C/250G
3,CAFÉ,PACOTE C/500 GRAMAS
3,CAFÉ,PACOTE 500G.
3,CAFÉ,PACOTE DE 250 GRAMA
3,CAFÉ,FARDO DE 5KG
3,CAFÉ,FARDO C/ 20 X 250G
3,CAFÉ,GK
3,CAFÉ,"PACOTE 500,00 GRAMAS"
3,CAFÉ,PACOTE 200G
3,CAFÉ,LT
3,CAFE TORRADO,KILOGRAMAS
3,CAFÉ,PCT C/500GR
3,CAFÉ,EMBALAGEM COM 500 G
3,CAFÉ,CAIXA COM 16
3,CAFÉ,FARDO COM 5KG
3,CAFÉ,EMBALAGEM COM 500G
3,CAFÉ,"200,00 G"
3,CAFÉ,PCT C/500 GRAMAS
3,CAFÉ,PAR
3,CAFE TORRADO,PACOTE COM 250 G
3,CAFÉ,PACOTE C/ 500GR
3,CAFÉ,PACOTE 5 KG
3,CAFÉ,EMBALAGEM 250 G
3,CAFÉ,KLG
3,CAFÉ,PACOTE 250 GR.
3,CAFÉ,PACOTE DE 500 GRS.
3,CAFE TORRADO,PACOTE C/ 500G
3,CAFÉ,PCTE DE 500 GRAMAS
3,CAFÉ,PCT. 01KG
3,CAFE TORRADO,PACOTE COM 250GR
3,CAFÉ,PACOTES COM 500GR
3,CAFÉ,PACT
2,CAFÉ,PACOTES DE 1KG
2,CAFÉ,PCT COM 500GR
2,CAFÉ,PCT C/ 250 G
2,CAFÉ,PCS
2,CAFÉ,PCTE 500 GRAMAS
2,CAFÉ,PCTES DE 500 GRAMAS
2,CAFÉ,QUARENTA
2,CAFE TORRADO,PACOTE COM 250 GRAMA
2,CAFÉ,PACOTE 500 GRS.
2,CAFÉ,PACOTE 200 GRAMAS
2,CAFÉ,"PACOTE 25,00 G"
2,CAFÉ,PACOTE 500 GM.
2,CAFÉ,PACOTE 250GM
2,CAFÉ,PAC.
2,CAFÉ,HG
2,CAFÉ,G
2,CAFÉ,CXAS
2,CAFE TORRADO,EMBALAGEM DE 500 GRA
2,CAFÉ,EMBALAGENS DE 500 GR
2,CAFÉ,FARDO 20X250G
2,CAFÉ,CAIXA 500GR
2,CAFÉ,SACHÊ 50 G
2,CAFÉ,UNS.
2,CAFE TORRADO,PACOTE 500 GR
2,CAFÉ,PACOTE 500 MG
2,CAFÉ,PACOTE 5KG
2,CAFÉ,PACOTE 250
2,CAFÉ,PACOTE  500 GRAMAS
2,CAFÉ,LATA 400G
2,CAFÉ,LATAS
2,CAFÉ,PC 500GR
2,CAFÉ,PACOTES DE 500 GRS.
2,CAFÉ,PACTE.
2,CAFÉ,PACOTE COM 500 GRS.
2,CAFÉ,PACOTES DE 250 GR.
2,CAFÉ,PACOTE VÁCUO 500 GR
2,CAFÉ,PACOTES 250 G
2,CAFE TORRADO,PCT 500GR
2,CAFÉ,"CAIXA 25,00 UN"
2,CAFÉ,CAIXA COM 08
2,CAFÉ,590
2,CAFÉ,600
2,CAFÉ,EMBALAGEM DE 250 G
2,CAFE TORRADO,CAIXA C/05 KG.
2,CAFÉ,COPO 50 ML
2,CAFÉ,FDS
2,CAFÉ,CXS.
2,CAFÉ,SACOS
2,CAFÉ,PCTS 500 GRS
2,CAFÉ,UNDS
2,CAFÉ,PCT C/250 GR
2,CAFE TORRADO,U
2,CAFÉ,VIDRO 100G
2,CAFÉ,CXA
2,CAFÉ,CAIXA COM 24 UNID.
2,CAFÉ,BIG BAG
2,CAFÉ,FARDO C/ 05 KG
2,CAFÉ,EMBALAGEM 50 G
2,CAFE TORRADO,FARDOS
2,CAFÉ,PC 250G
2,CAFÉ,PCT - 500 G
2,CAFÉ,"LATA 00000200,00 G"
2,CAFÉ,PACOTE - 1 KG
2,CAFE TORRADO,PACOTE 250G
2,CAFÉ,PACOTE COM 250 GR.
2,CAFÉ,PACOTE COM 5 KG
2,CAFÉ,PACOTE 50G
2,CAFÉ,FDR
2,CAFE TORRADO,K
2,CAFÉ,MARATA
2,CAFÉ,FARDO 20X250GM.
2,CAFÉ,FARDO 30X250GM
2,CAFÉ,FARDO 5 KGS
2,CAFÉ,FARDO.
2,CAFÉ,.
2,CAFÉ,120
2,CAFE TORRADO,250G
2,CAFÉ,250GR
2,CAFÉ,PACOTE DE 500G.
2,CAFE TORRADO,PACOTE DE 500 GRAMAS
2,CAFÉ,PACOTE COM 500 GR.
2,CAFÉ,01 KG
2,CAFÉ,"PACOTE 400,00 G"
2,CAFÉ,PACOTE - 500 - GRAMA
2,CAFÉ,"PACOTE 0000010,00 KG"
2,CAFÉ,PACOTE VÁCUO 500G
2,CAFÉ,PACOTES DE 250GR
2,CAFE TORRADO,PCT 1KG
2,CAFÉ,PCT 50G
2,CAFÉ,UNDIADE
2,CAFÉ,VIDRO 200G
2,CAFÉ,CAFE
2,CAFÉ,CENTO
2,CAFÉ,CAIXA C/20 PCT
2,CAFÉ,CX. COM 10 UND.500G
2,CAFÉ,DS
2,CAFÉ,EMB 250G
2,CAFÉ,EMB 500G
2,CAFE TORRADO,500G
2,CAFÉ,"*FRASCO 1000,00 ML"
2,CAFÉ,3
2,CAFÉ,EMBALAGEM 250GR
2,CAFÉ,EMB. 250G
2,CAFÉ,GARRAFAO
2,CAFÉ,PACOTE 1 QUILO
2,CAFÉ,PACOTE (500G)
2,CAFÉ,PACOTE - 500 G
2,CAFE TORRADO,PACOTE 500GR
2,CAFÉ,EMBALAGEM COM 500 GR
2,CAFÉ,PACOTE DE 250 G.
2,CAFÉ,"PCT 1,00 KG"
2,CAFÉ,PACOTE/LATA
2,CAFÉ,PCT 500 GRMS
2,CAFÉ,PCT DE 500 GRAMAS
2,CAFÉ,PCT COM 1KG
2,CAFÉ,QUILOGRAMA DE 250
2,CAFE TORRADO,PT
2,CAFÉ,"XÍCARA DE 200,00 ML"
2,CAFÉ,PCTE 250 GR
2,CAFÉ,PCTE COM 500G
2,CAFÉ,"SACO 100,00 UN"
2,CAFÉ,QUI
2,CAFÉ,PD
2,CAFÉ,PCT C/250 G
2,CAFÉ,PCT DE 1KG
2,CAFÉ,PCT-500GR
2,CAFÉ,PCT. 250G
2,CAFÉ,PCT 250 GRMS
2,CAFÉ,PACOTE DE 250 GRS.
2,CAFÉ,UND 250G
2,CAFÉ,PACOTES COM 500 GR
2,CAFÉ,PACOTES COM 500 GRAM
2,CAFÉ,PACOTES 500GRAMAS
2,CAFÉ,PACOTE DE 500GRAMAS
2,CAFÉ,KM
2,CAFÉ,PACOTE COM  500 G
2,CAFE TORRADO,FDO
2,CAFÉ,PACOTE C/1KG
2,CAFÉ,PACOTE 250 GRS.
2,CAFÉ,"PACOTE 250,00 GRAMAS"
2,CAFÉ,PACOTE C/ 250 GR
2,CAFE TORRADO,PACOTE C/ 500 G
2,CAFÉ,COPO 180 ML
2,CAFÉ,CAIXA 500 GRAMAS
2,CAFÉ,CAIXA 20 UN
2,CAFÉ,FRDS.
2,CAFÉ,BULES
2,CAFÉ,EMBALAGEM DE 500GR
2,CAFÉ,"EMBALAGEM 00000001,0"
2,CAFÉ,EMBALAGEM 500GR
2,CAFÉ,CAIXA DE 500 G
2,CAFÉ,CAIXA DE 500 GRAMAS
2,CAFE TORRADO,CXS
2,CAFÉ,DF
2,CAFÉ,UNIDADE 500G
2,CAFÉ,QUILOS.
2,CAFÉ,SACA 60 KG
2,CAFÉ,QUILIGRAMA
2,CAFÉ,SACA COM 60 KG
2,CAFÉ,PCT 500G.
2,CAFÉ,FARDO C/PACOTE 500 G
2,CAFÉ,KILOGRMAS
2,CAFÉ,CONJUNTO TOTAL
2,CAFÉ,"PACOTE 500,00 UN"
2,CAFÉ,PACOTE C/ 1KG
2,CAFÉ,PACOTE - 500 GRAMAS
2,CAFÉ,LATA 200G
2,CAFÉ,MENSAL
2,CAFÉ,MES
2,CAFÉ,PACOTES DE 1 KG
2,CAFÉ,PACOTES DE 500GR
2,CAFÉ,PACOTE COM 1KG.
2,CAFÉ,PACOTES COM 250G
2,CAFÉ,PACOTE DE 500KG
2,CAFÉ,"PACOTE DE 1,00 KG"
2,CAFÉ,KL.
2,CAFÉ,L
2,CAFÉ,PACOTE 500 GRAMAS.
2,CAFÉ,LT/PT
2,CAFÉ,"GARRAFA 1000,00 ML"
2,CAFÉ,CONJUNTO
2,CAFÉ,EMB. C/ 500 G
2,CAFÉ,EMBALAGEM COM 250G
2,CAFÉ,FARDO 20X250
2,CAFÉ,FARDO C/05 KG
2,CAFÉ,ALMOFADA 500G
2,CAFÉ,"CAIXA 2500,00 UN"
2,CAFÉ,20
2,CAFÉ,KILOGRAMA
2,CAFÉ,"6,60"
2,CAFE TORRADO,PCT.
2,CAFÉ,PARES
2,CAFÉ,PCT 500 GRS ESPECIAL
1,CAFÉ,QUILOGRAMO
1,CAFÉ,"SACO 0,5 KG"
1,CAFÉ,PCTE. C/ 500 G
1,CAFÉ,PCTES 500 GR
1,CAFÉ,PCTES COM 500 GRS
1,CAFÉ,PGT
1,CAFÉ,POCOTE 500 GRAMAS
1,CAFÉ,PT. 500 GRS
1,CAFÉ,PTC
1,CAFÉ,QUILO PACOTES 250 GR
1,CAFÉ,"PCT  0,500KG"
1,CAFÉ,"PCT 0,5 KG"
1,CAFÉ,PCT 2 KG
1,CAFÉ,PCT 250G.
1,CAFÉ,PCT 500 GR.
1,CAFE TORRADO,PCT. 1KG
1,CAFÉ,PCT. C/ 500GR
1,CAFÉ,PCTE  500GR
1,CAFÉ,PCTE 250 GRAMAS
1,CAFÉ,PCT COM 500 GR
1,CAFÉ,PCT DE 250 G
1,CAFÉ,PCT DE 250GRAMAS
1,CAFÉ,SSACO 60 KG
1,CAFÉ,TÉRMICA 2 LITROS
1,CAFÉ,UNITÁRIO/DOSE 110ML
1,CAFÉ,VÁRIOS
1,CAFÉ,VD 200G
1,CAFÉ,SACO 500G
1,CAFÉ,"SACO 60,00 KG"
1,CAFÉ,SACO DE 500G
1,CAFÉ,"640,00"
1,CAFÉ,"8,98"
1,CAFÉ,"9,09"
1,CAFÉ,956
1,CAFÉ,598
1,CAFÉ,3400
1,CAFÉ,50 ML
1,CAFÉ,"*PACOTE 10,00 KG"
1,CAFÉ,"*PACOTE 4,00 UN"
1,CAFÉ,"0,5 KG"
1,CAFÉ,000000000000000000KG
1,CAFÉ,24_CAIXAS
1,CAFÉ,10
1,CAFÉ,100 GRAMS
1,CAFE TORRADO,CAIXA 5 KG (PCT DE 2
1,CAFÉ,"CAIXA 50,00 UN"
1,CAFÉ,"CAIXA 500,00 UN"
1,CAFÉ,"BOMBONA 5,00 L"
1,CAFÉ,"CAFE MOIDO, PACOTE C"
1,CAFÉ,1KG
1,CAFÉ,CAIXA C/ 20 PCT
1,CAFÉ,CAIXA C/ 500G
1,CAFÉ,CAIXA C/16 CÁPSULAS
1,CAFÉ,CAIXA C/20 UNIDADES
1,CAFÉ,CAIXA C/5KG
1,CAFE TORRADO,CAIXA COM 5 KG
1,CAFE TORRADO,CAIXA DE 5KG
1,CAFÉ,CAIXA OU PACOTE 500G
1,CAFE TORRADO,FARDO C/30PACOTES
1,CAFÉ,FARDO C/5KG
1,CAFE TORRADO,FARDO DE CAFE DE 250
1,CAFÉ,FARDOS COM 10 KILOGR
1,CAFÉ,FARDO 250GM
1,CAFÉ,FRASCO 500 GRAMAS
1,CAFÉ,FRS
1,CAFÉ,ESTATOR ALTERNADOR 2
1,CAFÉ,ESTIMADA
1,CAFÉ,FAD
1,CAFÉ,FARDO 05 KG
1,CAFE TORRADO,FARDO 05 QUILOS
1,CAFÉ,FARDO 10 PACOTES
1,CAFÉ,FARDO 20 EMB. 250G
1,CAFÉ,EMBAL 500GR
1,CAFÉ,EMB 500GR
1,CAFÉ,EMB DE 500 G
1,CAFÉ,EMB. C/ 10 CÁPSULAS
1,CAFÉ,CILINDRO DE EMBREAGE
1,CAFÉ,CX C/24 UND DE 500G
1,CAFÉ,CX CAFE EXTRA FORTE
1,CAFÉ,COPO 300ML
1,CAFÉ,GARRAFAS
1,CAFÉ,GR 250
1,CAFE TORRADO,HG CAFE TORRADO E MO
1,CAFÉ,KG EM PO A VACUO
1,CAFÉ,KGRS.
1,CAFÉ,KIGS.
1,CAFÉ,KILO EXTRA FORTE
1,CAFÉ,KILOGRA
1,CAFÉ,"LATA 300,00 ML"
1,CAFÉ,LATA C/400G
1,CAFÉ,LATAS.
1,CAFÉ,OITO FARDOS
1,CAFE TORRADO,PAC C/ 250 G
1,CAFÉ,PACORES DE 500 G
1,CAFÉ,PACOTE  1KG
1,CAFÉ,PACOTE - 500 GR
1,CAFÉ,PACOTE 0000000250 G
1,CAFÉ,PACOTE 000000250G
1,CAFÉ,PACOTE 01 KG
1,CAFÉ,PACOTE 1 QUILOGRAMA
1,CAFÉ,PACOTE 250 GRS
1,CAFÉ,PACOTE 250GR.
1,CAFÉ,PACOTE DE 1/2KG
1,CAFÉ,PACOTE DE 250 GR.
1,CAFÉ,PACOTE/500 GR
1,CAFE TORRADO,PACOTE_250 GRAMA
1,CAFÉ,PACOTE 500KG
1,CAFÉ,PACOTE ALUMINIZADO -
1,CAFÉ,PACOTE CONTENDO 500
1,CAFÉ,PACOTE C/ 250 GRS.
1,CAFE TORRADO,PACOTE C/250 GR
1,CAFÉ,PACOTE CO 250GR
1,CAFÉ,PACOTES COM 500 G.
1,CAFÉ,PACOTES COM 500 GRS
1,CAFÉ,PACOTES DE 01KG
1,CAFÉ,PACOTES DE 250GRAMAS
1,CAFÉ,PACOTES 500 KG
1,CAFÉ,PACOTE DE 500G (QUIN
1,CAFÉ,PACOTES DE 500G.
1,CAFÉ,PACT. C/250G
1,CAFÉ,PACTE 250 GRAMAS
1,CAFÉ,PC  250 GR
1,CAFÉ,PC 250 G
1,CAFÉ,PC COM 250 GRAMAS
1,CAFÉ,PC/500GR
1,CAFÉ,PCD
1,CAFÉ,PACOTE COM 250 GR
1,CAFÉ,PACOTE COM 250G.
1,CAFÉ,PACOTE DE 1 KILO
1,CAFE TORRADO,PACOTE C/500GR
1,CAFÉ,PACOTE C/500GRAMAS
1,CAFÉ,PACOTE COM 01 KG
1,CAFÉ,"PACOTE DE 500 GR,"
1,CAFÉ,PACOTE DE 500GM
1,CAFÉ,PACOTE DE 5KG
1,CAFÉ,PACOTE KG
1,CAFÉ,PACOTE/ALMOFADA
1,CAFÉ,PACOTE DE 250 GM
1,CAFÉ,PACOTE DE 250 GRAMS
1,CAFÉ,"PACOTE DE 250,00"
1,CAFÉ,PACT 250 GR
1,CAFÉ,PACT 250 GR.
1,CAFÉ,PAT
1,CAFÉ,PC 250GR
1,CAFÉ,PCT 250GRS
1,CAFÉ,PCT 500 GRS - ESPECI
1,CAFÉ,PCT  250 G
1,CAFE TORRADO,PACOTES DE 1/2 KG
1,CAFÉ,PACOTES DE 1/2KG
1,CAFÉ,PACOTES DE 250 GR
1,CAFÉ,PACOTES C/ 500 G
1,CAFÉ,PACOTES COM 500 GR.
1,CAFÉ,OC
1,CAFÉ,PA C/5KG
1,CAFÉ,PACAOTE DE 500GR
1,CAFÉ,PACORTE 500 GR
1,CAFÉ,PACOTE  250G.
1,CAFÉ,PACOTE (500 G)
1,CAFÉ,"LATA 900,00 ML"
1,CAFÉ,LTA
1,CAFÉ,LATA 200 GR
1,CAFÉ,"PACOTE 00000200,00 G"
1,CAFÉ,PACOTE C/ 500 GRS
1,CAFÉ,PACOTE 500 KG
1,CAFE TORRADO,PACOTE 250 G
1,CAFÉ,"PACOTE 00000252,00 G"
1,CAFÉ,"PACOTE 00000500,00 U"
1,CAFÉ,PACOTE 01KG
1,CAFE TORRADO,PACOTE 1/2 KG
1,CAFÉ,CONTINUADO
1,CAFÉ,CAIXINHA COM 250 GRA
1,CAFE TORRADO,PCT
1,CAFÉ,CAIXA E PACOTE
1,CAFÉ,CX 20X250
1,CAFÉ,CX 24 UNID COM 500G
1,CAFE TORRADO,CX 500GR
1,CAFÉ,CX C/20 PCT
1,CAFÉ,CX COM 16 CÁPSULAS
1,CAFÉ,CX COM 500 GRAMAS
1,CAFÉ,CX/C/250 GRAMAS
1,CAFÉ,DEMANDA
1,CAFÉ,DZ
1,CAFÉ,EMB. 500 G
1,CAFÉ,EMB. C/250G
1,CAFÉ,EMB.2KG EXTRA FORTE
1,CAFE TORRADO,"10,60"
1,CAFÉ,"18,00"
1,CAFÉ,224
1,CAFÉ,250 GRS
1,CAFÉ,250KG
1,CAFÉ,255010
1,CAFÉ,300 ML
1,CAFÉ,3500
1,CAFÉ,500
1,CAFÉ,500 GM
1,CAFÉ,500 GRS
1,CAFE TORRADO,530
1,CAFÉ,730
1,CAFÉ,"9,80"
1,CAFÉ,AUTOMÁTICO DE RETENÇ
1,CAFÉ,BIG BAG 1000 KG
1,CAFÉ,CAFÉ EM GRAO
1,CAFÉ,"CAIXA 2,00 UN"
1,CAFÉ,CAIXA 20 UNIDADES
1,CAFÉ,CAIXA 24 UNIDADES
1,CAFÉ,CAIXA C/ 10 UNIDADES
1,CAFÉ,CAIXA C/ 20 PACOTE D
1,CAFÉ,CAIXA COM 24 UNIDADE
1,CAFÉ,KIT PESSOA
1,CAFÉ,KLOS
1,CAFÉ,JOGO DE BROCAS DE FE
1,CAFÉ,KILO.
1,CAFÉ,KILOGRAMAS CAFE MANA
1,CAFÉ,KILOGRAMAS.
1,CAFÉ,FRASCO COM 200G
1,CAFÉ,GRAO
1,CAFÉ,ITENS
1,CAFÉ,"GARRAFA 1,00 L"
1,CAFE TORRADO,FARDOQ
1,CAFÉ,FDO 20X250G
1,CAFE TORRADO,FR
1,CAFÉ,"FARDO 64,00 RO"
1,CAFÉ,FARDO C/ 20 KG
1,CAFÉ,FARDO C/ 5 KG
1,CAFÉ,"EMBALAGEM 500,00 GR"
1,CAFÉ,"EMBALAGEM  1,00 KG"
1,CAFÉ,EMBALAGEM  500G
1,CAFÉ,EMBALAGEM 1/2KG
1,CAFÉ,QUILOS (KG)
1,CAFÉ,PCT C/1KG
1,CAFÉ,PCT COM 24 UND 500GR
1,CAFÉ,PCT COM 500GRAMAS
1,CAFÉ,PCT DE 250GR
1,CAFÉ,PCT/500GR
1,CAFÉ,PCTE (500G)
1,CAFÉ,PCTE -500GRS
1,CAFE TORRADO,PCTE 500G
1,CAFÉ,PCTE 500G.
1,CAFÉ,PCTE C/500GR
1,CAFÉ,PCTO COM 500G
1,CAFE TORRADO,PCTS
1,CAFÉ,"PEÇA 2,00 KG"
1,CAFÉ,PTE 500 GR
1,CAFÉ,SACA C/60KG
1,CAFÉ,SACO DE 1KG
1,CAFÉ,SEM MARCA
1,CAFÉ,TERMINAL DE ENCAIXE
1,CAFÉ,UNIDADES - PACOTE 20
1,CAFÉ,UNIIDADE
1,CAFÉ,VIDRO 100 GRAMAS
1,CAFÉ,VIDRO 200 GR
1,CAFÉ,DUZIA
1,CAFÉ,ELEVADOR MONOFASICO
1,CAFÉ,CAIXAS DE 500G
1,CAFÉ,CAIXAS DE 5KG
1,CAFÉ,EMBALAGEM COM 50GR
1,CAFÉ,EMBALAGEM DE 1/2 KG
1,CAFÉ,EMBALAGEM DE 250G
1,CAFÉ,"EMBALAGEM 1,0 KG"
1,CAFÉ,"EMBALAGEM 1,00 KG"
1,CAFÉ,CX.C/10KG
1,CAFÉ,CX/250GRS.
1,CAFÉ,EMBALAGEN DE 250GR
1,CAFÉ,FARDO 50KILOS
1,CAFÉ,FARDO COM 10 PCTS DE
1,CAFÉ,FARDO (20KG)
1,CAFE TORRADO,GRAMA
1,CAFÉ,IKOLOGRAMA
1,CAFÉ,FARDO CONTENDO 20 PC
1,CAFÉ,FARDO DE 10 KG
1,CAFÉ,FD 10 PCTE 1/5
1,CAFÉ,"CAIXA 25,00 PCT"
1,CAFÉ,CAIXA 10 PACTS
1,CAFÉ,620
1,CAFÉ,ALMOFADA 500 G
1,CAFÉ,UN
1,CAFÉ,"250,00 GR UND"
1,CAFÉ,"*EMBALAGEM 12,00 SC"
1,CAFÉ,6
1,CAFÉ,1/2  KG
1,CAFÉ,12
1,CAFÉ,1KG
1,CAFÉ,200 ML
1,CAFÉ,250 G
1,CAFÉ,"4,30"
1,CAFÉ,"5,10"
1,CAFÉ,500 GRAMA
1,CAFE TORRADO,500 GRAMAS
1,CAFÉ,500/GRAMAS
1,CAFÉ,CAIXA 5KG
1,CAFÉ,CAIXA C/ 12 PCT 250G
1,CAFÉ,CAIXA C/ 20X250G
1,CAFÉ,CAIXA C/16 CAPSULAS)
1,CAFÉ,CAIXA COM 10 PACOTES
1,CAFÉ,CAIXA COM 5KG CADA
1,CAFÉ,CAIXA DE 20/250
1,CAFÉ,COPO 200 ML
1,CAFÉ,COPO/XÍCARA 200 ML
1,CAFÉ,CX 3 KG
1,CAFÉ,CX C/ 20PCT DE 250G
1,CAFÉ,CX C/10KG
1,CAFÉ,CX C/20KG EM PC.500G
1,CAFÉ,PACOTE C/ 5KG
1,CAFÉ,"PACOTE 40,00 UN"
1,CAFÉ,"PACOTE  0,5 KG"
1,CAFÉ,LATA 400 G
1,CAFÉ,LATA/POTE DE 200 GR
1,CAFÉ,KG  .
1,CAFÉ,KG EM PACOTE 500G
1,CAFÉ,KG MENSAL
1,CAFÉ,KILIGRAMA
1,CAFÉ,KILOGRAMA PACOTE 250
1,CAFÉ,KILOLOGRAMA
1,CAFÉ,PACOTE 000000500G
1,CAFÉ,"PACOTE 10,00 UN"
1,CAFÉ,PACOTE 250 GM
1,CAFÉ,MESES (600 KG/MÊS)
1,CAFÉ,MITISUI ALIMENTOS
1,CAFÉ,PAC. 500G
1,CAFÉ,PACOTA DE 250G
1,CAFÉ,PACOTE DE 50G
1,CAFÉ,PACOTE MEIO QUILO
1,CAFÉ,PACOTE PLÁSTICO 1KG
1,CAFÉ,PACOTE_500 GR
1,CAFÉ,PACOTES (250G)
1,CAFÉ,PACOTES (500G)
1,CAFÉ,PACOTE COM 50G
1,CAFÉ,PACOTE DE 250 GRAQMA
1,CAFE TORRADO,PACOTE DE 250GR
1,CAFÉ,PACOTE COM 250GR
1,CAFÉ,"PACOTE COM 5,00 KG"
1,CAFE TORRADO,PACOTE COM 500G
1,CAFÉ,PACOTES C/250 GRAMAS
1,CAFE TORRADO,PACOTES COM 500 G
1,CAFÉ,PACOTES DE 200G
1,CAFÉ,PACOTES DE 5 QUILOS
1,CAFÉ,PACOTES DE 500G CADA
1,CAFÉ,PACOTES DE 500GRS
1,CAFÉ,PACOTES DE 550GR
1,CAFÉ,PACT. 500 GR
1,CAFÉ,PACTE C/ 500GRS
1,CAFE TORRADO,PACTS DE 500GR A VAC
1,CAFÉ,PC 250 GRS
1,CAFÉ,PC 500 G
1,CAFÉ,UND_PACOTE 250G
1,CAFÉ,UN 500
1,CAFÉ,SACOS (60 QUILOS)
1,CAFÉ,SERVO DE EMBREAGEM S
1,CAFÉ,TOTAL
1,CAFÉ,UNIDADE 500GR
1,CAFÉ,UNIDADE/LITRO
1,CAFÉ,VARIAS PECAS
1,CAFÉ,PCT C/ 01 KG
1,CAFÉ,PCOTE C/ 250G
1,CAFÉ,PCOTE.
1,CAFÉ,PCT - 500GR
1,CAFÉ,PCT 1K
1,CAFÉ,PCT. C/250G
1,CAFÉ,PCT C/500 GR
1,CAFÉ,PCT COM 1 KG
1,CAFE TORRADO,PECA
1,CAFÉ,PGTES DE 250 GR
1,CAFÉ,POTE COM 200G
1,CAFÉ,PT 500 GR
1,CAFE TORRADO,"R$ 12,76"
1,CAFÉ,PCTE DE 250 GRAMAS
1,CAFÉ,PCTE 50G
1,CAFÉ,PCTES C/500GR
1,CAFÉ,PCTO 250G
1,CAFÉ,PCTS 500GR
1,CAFÉ,PCTS COM 500 G
1,CAFÉ,PCTS DE 500GR.
1,CAFÉ,XXXX
1,CAFE TORRADO,UNIDADE DE 500 GRAMA
1,CAFÉ,"UNIDADE, 500G"
1,CAFÉ,UN DE 500G
1,CAFÉ,QULOGRAMA
1,CAFÉ,SACO 1 KG
1,CAFÉ,SACO 60 KM
1,CAFÉ,SACOS 500GR
1,CAFÉ,TAÇA
1,CAFE TORRADO,QUILO EM PCT 500G
1,CAFÉ,QUILOGRAMA - KG
1,CAFÉ,"POTE 100,00 G"
1,CAFÉ,PCT/C500G
1,CAFÉ,PCTE 500 GR
1,CAFÉ,PCTE C/ 500GR
1,CAFÉ,PCTE DE 250G
1,CAFÉ,PCTE DE 250GR
1,CAFE TORRADO,PCT DE 250 G
1,CAFÉ,PCT. 250 G.
1,CAFE TORRADO,PCT. 250G.
1,CAFE TORRADO,PCT 250GR
1,CAFÉ,PCT COM 1 KG.
1,CAFE TORRADO,PACOTE_1KG
1,CAFÉ,PACOTE_DE 250 G
1,CAFÉ,"PACOTE, 500G"
1,CAFÉ,PACOTE-500G
1,CAFE TORRADO,PACOTES DE 500 GRAMA
1,CAFÉ,PACOTES 500 GR.
1,CAFÉ,PCT 25 GR
1,CAFÉ,PC DE 250 GR
1,CAFÉ,PÇS
1,CAFÉ,PACT 500 G
1,CAFE TORRADO,PACOTE DE 500 GR.
1,CAFÉ,PACOTE C/ 500G.
1,CAFÉ,PACOTE C/01 KG
1,CAFÉ,PACOTE 500GRAMAS
1,CAFE TORRADO,"PACOTE 500,00 G"
1,CAFÉ,PACOTE 250GRS.
1,CAFÉ,PACOTE 50 G
1,CAFE TORRADO,PACOTE 250 MG
1,CAFÉ,"PACOTE 00001,00 KG"
1,CAFÉ,"PACOTE 0000500,00 G"
1,CAFE TORRADO,"PACOTE 1,00 KG"
1,CAFÉ,LIOGRAMA
1,CAFÉ,PACOT C/ 250 G
1,CAFÉ,PACOTE  250 G.
1,CAFÉ,PACOTE  500GR
1,CAFÉ,PACOTE  DE 250 GR. M
1,CAFE TORRADO,GR.
1,CAFÉ,FRDS
1,CAFÉ,"KG(FORNEC PCT 0,5KG)"
1,CAFÉ,EMBALAGENS DE QUINHE
1,CAFÉ,"FARDO 100,00 UN"
1,CAFÉ,FARDO 20 PACOTES
1,CAFÉ,"FARDO 20,00 KG"
1,CAFÉ,FARDO 20/250G
1,CAFÉ,EMBALAGEM COM 1KG
1,CAFÉ,EMBALAGEM COM 200 G
1,CAFÉ,FRASCO COM 400 G
1,CAFÉ,"EMBALAGEM 00000500,0"
1,CAFÉ,EMBALAGEM 1 KG
1,CAFÉ,EMBALAGEM 450G
1,CAFÉ,FARDO C/ 20 UNIDADES
1,CAFÉ,FARDO C/20
1,CAFÉ,FARDO COM 10 PCT.
1,CAFÉ,FARDO COM 20 UNIDADE
1,CAFÉ,FARDO COM 30KLG
1,CAFÉ,FARDO DE 10KG
1,CAFÉ,FARDOS COM 20 KILOGR
1,CAFÉ,FD C/ 5KG.
1,CAFÉ,FD'
1,CAFÉ,5.5
1,CAFE TORRADO,1
1,CAFÉ,100
1,CAFE TORRADO,"13,96 K"
1,CAFÉ,20X250G
1,CAFE TORRADO,"22,81"
1,CAFÉ,"6,40"
1,CAFÉ,"BLOCO 100,00 FL"
1,CAFÉ,"CAIXA 60,00 UN"
1,CAFÉ,CAIXA 6X1
1,CAFÉ,CAIXA C/ 20PCT DE 25
1,CAFÉ,CJTO
1,CAFÉ,COPO/XÍCARA 100 ML
1,CAFÉ,CX 500 G
1,CAFÉ,CX COM 20 PCTS
1,CAFÉ,CAIXA C/50 PCT
1,CAFÉ,CAIXA 500 G
1,CAFÉ,CAIXA DE 20 UNIDADES
1,CAFE TORRADO,X
1,CAFÉ,XXX
1,CAFE TORRADO,UNID
1,CAFE TORRADO,"R$ 9,74"
1,CAFÉ,UNIDADES.
1,CAFÉ,URUPA
1,CAFÉ,"VIDRO 00000200,00 G"
1,CAFÉ,VIDRO 100GR
1,CAFÉ,PCT 5KG
1,CAFE TORRADO,PCT C/1KG
1,CAFÉ,PCT.DE 250GRS
1,CAFÉ,PCTC/ 250G
1,CAFÉ,PCTO 500 GR
1,CAFÉ,SACO 510 GRAMAS
1,CAFÉ,SRBM
1,CAFÉ,UNDI
1,CAFÉ,PCT 250 G.
1,CAFÉ,PCT 500 GM A VÁCUO
1,CAFÉ,PCOTE
1,CAFÉ,PCT  500G.
1,CAFÉ,PACOTES DE 500 GRAMS
1,CAFÉ,PACOTE/250 GRS.
1,CAFÉ,PACOTES - 250 G
1,CAFÉ,PACOTES DE 500GRAMAS
1,CAFÉ,PACOTES/C250G
1,CAFÉ,PACT COM 250G
1,CAFÉ,PACTE C/250G
1,CAFÉ,PACOTE 00000500 GR
1,CAFÉ,PACOTE 1 KG.
1,CAFE TORRADO,PACOTE 250 GRAMAS
1,CAFÉ,PACOTE C/500GR
1,CAFÉ,PACOTE COM  5 KG
1,CAFÉ,PACOTE COM 500GR.
1,CAFÉ,PACOTE DE 01 KG
1,CAFÉ,PACOTE DE 1 QUILO
1,CAFÉ,"PACOTE DE 1,0 KG"
1,CAFÉ,PACOTE DE 1KG.
1,CAFÉ,PACOTE DE 500 GRAMS
1,CAFE TORRADO,PACOTE DE 500G
1,CAFÉ,PACOTE DE KG
1,CAFÉ,PACOTE GR
1,CAFÉ,PACOTE DE 250MG.
1,CAFE TORRADO,PACOTE DE 500 GR
1,CAFÉ,PACOTES 500GRS
1,CAFÉ,PACOTES C/ 500G
1,CAFÉ,PACOTES DE 1/2 KG
1,CAFÉ,440
1,CAFE TORRADO,500
1,CAFE TORRADO,500 GR
1,CAFÉ,500G.
1,CAFÉ,592
1,CAFÉ,"6,80"
1,CAFÉ,67.8
1,CAFÉ,763
1,CAFÉ,ALMOFADA DE 500 G
1,CAFÉ,CAIXA 20 UNID
1,CAFÉ,250 GR
1,CAFÉ,250 PCT
1,CAFÉ,_KG
1,CAFÉ,1 KG UNI
1,CAFÉ,"1,95"
1,CAFÉ,1/2KG
1,CAFÉ,"EMBALAGEM 00250,00 G"
1,CAFÉ,EMBALAGEM C/ 500 GR
1,CAFÉ,CX 500G
1,CAFÉ,CXS C/12 PCT500GR
1,CAFÉ,EMBALAGEM VÁCUO 250G
1,CAFÉ,EMBALAGENS 500G
1,CAFÉ,EMBALGEM 500G
1,CAFÉ,"ENVELOPE 15,00 G"
1,CAFÉ,FARDO (C/20PCT.250GR
1,CAFÉ,CAIXA COM 20 UNIDADE
1,CAFÉ,CAIXA COM 500 GRAMAS
1,CAFÉ,CAIXA COM EMBALAGEM
1,CAFÉ,CAIXAS COM 20 PACOTE
1,CAFÉ,CAP/C/250/GRAMAS
1,CAFÉ,CENTO E CINQUENTA KG
1,CAFÉ,CAIXA C/ 20 EMB 250G
1,CAFÉ,CAIXA C/ 20 UNIDADES
1,CAFÉ,CAIXA C/ 24 UNID.
1,CAFÉ,CAIXA C/500G
1,CAFÉ,CAIXA COM 16 CÁPSULA
1,CAFÉ,EMBALAGEM DE 500 GR
1,CAFÉ,FD C 20 PCTS DE 250G
1,CAFÉ,FDO 30KG.
1,CAFÉ,FDO 5KG
1,CAFÉ,FARDO C 20 UN DE 250
1,CAFÉ,FARDO C/20 PACOTE
1,CAFÉ,FARDO COM 20
1,CAFÉ,FARDO COM 20KG
1,CAFÉ,FARDO COM 5KG.
1,CAFÉ,MATERIA
1,CAFÉ,MOTOR DE PARTIDA
1,CAFÉ,PAC/C/500G
1,CAFÉ,PACATE DE 250GR
1,CAFÉ,PACOT.
1,CAFÉ,PACOTE (250 G)
1,CAFÉ,KG CAFÉ EXTRA FORTE
1,CAFÉ,LATA/PACOTE 200G
1,CAFÉ,LATA/PACOTE 200GR
1,CAFÉ,FRASCO 200 ML
1,CAFÉ,FRD 05KG
1,CAFE TORRADO,FRDO
1,CAFÉ,HK
1,CAFÉ,JG.
1,CAFÉ,GARRAFA DE 2 LITROS
1,CAFÉ,PACOTE C/250 GRAMAS
1,CAFÉ,PACOTE C/500 UND
1,CAFÉ,PACOTE COM 01KG
1,CAFÉ,PACOTE COM 250 G.
1,CAFÉ,KITS
1,CAFÉ,NI
1,CAFÉ,PA COM 5 KG
1,CAFÉ,"PACOTE 1,0  KG"
1,CAFÉ,PACOTE 1K
1,CAFÉ,PACOTE 200 GR
1,CAFÉ,LATA/POTE 200 G
1,CAFÉ,PACOTE  DE 500 G
1,CAFÉ,PACOTE (500 GRAMAS)
1,CAFÉ,PCT 01 KG
1,CAFÉ,PCT 1/20KG
1,CAFE TORRADO,PCT 500 G
1,CAFÉ,PC 500 GRS
1,CAFÉ,PCT (250G)
1,CAFE TORRADO,PACOTE DE 250G
1,CAFÉ,PACOTE COM 500 UND
1,CAFÉ,PACOTE]
1,CAFÉ,PACOTE_500 G
1,CAFÉ,PACOTES (500 G)
1,CAFÉ,PACOTES 250 GRAMAS
1,CAFÉ,PACOTES 500GR.
1,CAFÉ,PTE. 250G
1,CAFÉ,QUILOOGRAMA
1,CAFÉ,QUILOS (ACONDIC EMBA
1,CAFE TORRADO,"R$ 12,72"
1,CAFÉ,S
1,CAFÉ,SACAS
1,CAFÉ,PCT- 500 GRS
1,CAFÉ,PCT. 250 G
1,CAFÉ,PCT. 250G.
1,CAFÉ,PCT. 500G.
1,CAFÉ,PCT. COM 500GR.
1,CAFÉ,PCT.500G
1,CAFÉ,PCT/250G
1,CAFÉ,PCT/CX C/500G
1,CAFÉ,PCT__500G
1,CAFÉ,KILO GRAMA
1,CAFÉ,"FRASCO 00000100,00 G"
1,CAFÉ,"EMBALAGEM 200,00 G"
1,CAFÉ,EMBALAGEM 250 GR
1,CAFÉ,KG (QUILOGRAMA)
1,CAFÉ,KG - QUILOGRAMAS
1,CAFÉ,KG EM PCTE. DE 2KG
1,CAFÉ,"KG(EMBALAGEM 0,5KG)"
1,CAFE TORRADO,"KG, PACOTE C/ 500G"
1,CAFE TORRADO,KGRS.
1,CAFÉ,EMBALAGEM 500 GM
1,CAFÉ,EMBALAGEM C/ 250G
1,CAFÉ,EMBALAGEM C/ 500G
1,CAFÉ,DIVERSOS
1,CAFÉ,EMB COM 500GR
1,CAFE TORRADO,EMBALAGEM
1,CAFÉ,EMBALAGEM  C/ 1 KG
1,CAFÉ,FARDO C/ 5 KGS
1,CAFÉ,FARDO C/20 500GRAMA
1,CAFÉ,FARDO COM 5 KG.
1,CAFE TORRADO,EMBALAGEM COM 500 GR
1,CAFÉ,EMBALAGEM DE 250GRAM
1,CAFÉ,EMBALAGEM VÁCUO 500G
1,CAFÉ,EMBALAGENS DE 500G
1,CAFÉ,FARDO (20X250G)
1,CAFÉ,FARDO 10 KG
1,CAFÉ,"BOBINA 40,00 KG"
1,CAFÉ,CAFÉ COM PACOTES DE
1,CAFÉ,CAIXA (C/5 KG CADA)
1,CAFÉ,"CAIXA 20,00 KG"
1,CAFÉ,"11,80"
1,CAFE TORRADO,"13,80"
1,CAFE TORRADO,250 GRAMAS
1,CAFÉ,3960
1,CAFÉ,5.95
1,CAFÉ,500GRAMAS
1,CAFÉ,500GRS
1,CAFÉ,"6,25"
1,CAFÉ,"6,55"
1,CAFÉ,660
1,CAFÉ,"7,85"
1,CAFÉ,ACUCAR E CAFE
1,CAFÉ,CAIXA COM 500 G
1,CAFÉ,CAIXA COM 5KG
1,CAFÉ,CAXA COM 500G
1,CAFÉ,CHÁ MISTO SABOR FRUT
1,CAFÉ,CORREIA DO ALTERNADO
1,CAFÉ,CX 5 KG
1,CAFÉ,CX C/20 PC DE 500 GR
1,CAFÉ,CX C/500 GR
1,CAFÉ,CAIXA COM 20 PC250G
1,CAFÉ,CAIXA C/ 24 PCTES
1,CAFÉ,KG
1,CAFÉ,UND.
1,CAFÉ,PESSOAS
1,CAFÉ,PT C/ 250G
1,CAFE TORRADO,UNI
1,CAFÉ,UNIDADADE
1,CAFÉ,UNS
1,CAFÉ,PCTS DE 500 GRAMAS
1,CAFÉ,POR UNIDADE
1,CAFÉ,PT C/1 KG
1,CAFE TORRADO,QUILOGRAMAS
1,CAFÉ,QUILOGRMA
1,CAFÉ,SANTA CLARA
1,CAFÉ,SACO 500 GR
1,CAFÉ,SACO COM 10 PACOTES
1,CAFÉ,SACAS DE 60 KG
1,CAFÉ,"POTE 500,00 G"
1,CAFÉ,EMBALAGEM 100G
1,CAFÉ,"EMBALAGEM COM 0,5 KG"
1,CAFÉ,GARRAFA DE 2L
1,CAFÉ,GLOBAL
1,CAFÉ,GR.
1,CAFÉ,JOGO JUNTA MOTOR
1,CAFE TORRADO,FRD.
1,CAFÉ,KILOS PCT DE 500 GRA
1,CAFE TORRADO,KG/MÊS
1,CAFE TORRADO,KG1056
1,CAFE TORRADO,KGS. PACOTE 250 GMS.
1,CAFÉ,KH.
1,CAFÉ,CX C/24 PCT DE 500G
1,CAFÉ,CXS C/24PCT
1,CAFÉ,CAIXA C/20 PCT 250 G
1,CAFÉ,CAIXA C/20X1
1,CAFÉ,FARD
1,CAFÉ,FARDO 20 EMBAL. 250G
1,CAFÉ,FARDO DE 05 KG
1,CAFÉ,FARDOS.
1,CAFÉ,FD C/ 5 KG
1,CAFÉ,FARDO C/
1,CAFÉ,FARDO C/ 20 UND 250G
1,CAFÉ,FARDO C/ 20PCT/500G
1,CAFÉ,FARDO C/KG
1,CAFE TORRADO,"8,15"
1,CAFÉ,"8,45"
1,CAFÉ,"8,60"
1,CAFÉ,ALMOFADA
1,CAFÉ,"CAFE , PCT. 1 KG."
1,CAFÉ,"CAFE MOIDO, PCT. 500"
1,CAFÉ,CAFE TORRADO E MOIDO
1,CAFÉ,CAIXA - 500G X 10 X1
1,CAFÉ,"CAIXA 24,00 PCT"
1,CAFÉ,CAIXA COM 500 GR
1,CAFÉ,CAIXAS 500 G
1,CAFÉ,CELULAR
1,CAFÉ,"CILINDRO 13,60 KG"
1,CAFÉ,"CAIXA 3000,00 UN"
1,CAFÉ,"CAIXA 5,00 KG"
1,CAFÉ,CAIXA C/ 20PTS 500GR
1,CAFÉ,CAIXA C/ 500 G
1,CAFÉ,200G
1,CAFÉ,200ML
1,CAFÉ,225
1,CAFÉ,"23,80"
1,CAFÉ,2300
1,CAFÉ,250GRS.
1,CAFE TORRADO,3
1,CAFÉ,"5,20"
1,CAFÉ,1/2 K
1,CAFÉ,174
1,CAFÉ,200 G
1,CAFÉ,520
1,CAFE TORRADO,560
1,CAFÉ,500 G
1,CAFÉ,*FRASCO
1,CAFÉ,PCT C/ 100G
1,CAFÉ,PCT C/1 KG.
1,CAFÉ,PCT 500 GRS COMUM
1,CAFÉ,PCT COM 05 KG
1,CAFÉ,PCT COM 250 G
1,CAFÉ,PCT COM 250 GRAMAS
1,CAFÉ,PCT-500G
1,CAFÉ,PCT. 500 G
1,CAFÉ,PCT.C/500G
1,CAFÉ,PCT/500 G
1,CAFÉ,PCTE 250GR
1,CAFÉ,PCTE COM 250G
1,CAFE TORRADO,PCTE.
1,CAFÉ,PCTE. C/ 500GR. CADA
1,CAFÉ,PCTES 250GRAMAS
1,CAFÉ,PACOTES 250G.
1,CAFÉ,PACOTES C/ 250 GR.
1,CAFE TORRADO,PACOTES COM 500G
1,CAFÉ,"PACOTES DE 1,0KG"
1,CAFÉ,PACOTE.
1,CAFÉ,PACOTE DE 1 KG.
1,CAFÉ,PACOTE DE 250 GRS
1,CAFÉ,PC.500G
1,CAFÉ,PCO
1,CAFÉ,"PACOTE 0,500G"
1,CAFÉ,PACOTE 1/2 KILO
1,CAFÉ,"PACOTE 00000001,00KG"
1,CAFÉ,"LATA 20,00 KG"
1,CAFÉ,LATA 200 GRAMAS
1,CAFÉ,"LATA 300,00 G"
1,CAFÉ,METRO QUADRADO
1,CAFÉ,PACATE DE 1KG
1,CAFÉ,PACOTE  250 GR
1,CAFÉ,PACOTE  250G
1,CAFÉ,PACOTE COM 250GRAMAS
1,CAFÉ,"PACOTE COM 0,5KG"
1,CAFÉ,PACOTE COM 01 KG.
1,CAFÉ,PACOTE COM 250
1,CAFE TORRADO,PACOTE 250GR
1,CAFÉ,"PACOTE 8,00 UN"
1,CAFÉ,UN5
1,CAFE TORRADO,VIDRO
1,CAFÉ,SACHÊ C/ 50 GRAMAS
1,CAFÉ,"SACO 50,00 KG"
1,CAFÉ,SV
1,CAFÉ,UNIDADE 1 KG
1,CAFÉ,UNIDADE 500 GRAMAS
1,CAFÉ,UNIDADE PACOTES DE 5
1,CAFÉ,"CAIXA 60,00 L"
1,CAFÉ,CAIXA C/ 12
1,CAFÉ,CAIXA C/ 16 UND
1,CAFÉ,CAIXA C/16 CAPUSULAS
1,CAFÉ,CAIXA C/20 UNDS. (PC
1,CAFE TORRADO,CAIXA C/20PCT X 250G
1,CAFÉ,CAIXA COM 05 KILOS
1,CAFÉ,CAIXA COM 10 UNIDADE
1,CAFÉ,CAIXA COM 20X250
1,CAFÉ,CAIXA DE 500GR
1,CAFÉ,CAIXA/PACOTE 500G
1,CAFÉ,CAPSULAS
1,CAFE TORRADO,CX C/ 500G
1,CAFÉ,CX C/24 EMB DE 500G
1,CAFE TORRADO,CX.
1,CAFÉ,CX. C/ 24 POTES
1,CAFÉ,CAIXA 250 G
1,CAFÉ,CAIXA 250G
1,CAFÉ,"CAIXA 30,00 UN"
1,CAFÉ,"*PACOTE 200,00 G"
1,CAFÉ,_CAIXA C/ 20 UNIDADE
1,CAFÉ,3
1,CAFÉ,1 KG (4 PTS DE 250G)
1,CAFÉ,198
1,CAFÉ,250 GRAMA
1,CAFÉ,"3,89"
1,CAFÉ,"4,00"
1,CAFÉ,4.7
1,CAFÉ,"5,88"
1,CAFÉ,6.93
1,CAFÉ,68
1,CAFÉ,686
1,CAFÉ,ACOTE 500 GR
1,CAFÉ,"AMPOLA 00000001,00 M"
1,CAFÉ,CAFÉ MOIDO FARDO COM
1,CAFÉ,CAIXA 10X500GR
1,CAFÉ,FARDO 5.00 KG
1,CAFÉ,FARDO 5KG.
1,CAFÉ,"FARDO COM 5KG,"
1,CAFÉ,FARDOS COM 48 UNID
1,CAFÉ,FD 5KG
1,CAFÉ,FD DE 05 KG
1,CAFÉ,FARDO 20X01
1,CAFÉ,EMBALAGEM 500GM
1,CAFÉ,EMBALAGEM COM 500GR
1,CAFÉ,EMPACOTADO
1,CAFÉ,FARDE
1,CAFÉ,EMB C/ 250 GRAMAS
1,CAFÉ,"EMBALAGEM 2,00 L"
1,CAFE TORRADO,GARRAFAO
1,CAFÉ,GRAMAS.
1,CAFÉ,GRS
1,CAFÉ,IBAMA
1,CAFÉ,JOGO VELAS
1,CAFÉ,FRASCO 200 G
1,CAFÉ,KLG.
1,CAFE TORRADO,KLS
1,CAFÉ,LATA OU PACOTE
1,CAFÉ,KILOGRAMO
1,CAFÉ,KG (PAC 500 GRS.)
1,CAFÉ,"PACOTE  500,00 G"
1,CAFÉ,"PACOTE 00000005,00 K"
1,CAFÉ,PACOTE 140 G
1,CAFÉ,PA
1,CAFÉ,MEIO QUILO
1,CAFÉ,PACOTE 250GRS
1,CAFE TORRADO,PACOTE 500 GRS
1,CAFÉ,PACOTE C/ 01 KG
1,CAFÉ,PACOTE C/ 250G.
1,CAFÉ,PACOTE C/ 500GRMAS
1,CAFE TORRADO,PACOTE C/500G
1,CAFÉ,PACOTE DE 500G TIJOL
1,CAFE TORRADO,PACOTE DE 500GRS
1,CAFÉ,"PACOTE, 500 GRAMAS"
1,CAFÉ,PACOTE/250GRAMAS
1,CAFÉ,PACOTES 1 KG
1,CAFÉ,"PACOTES 500,00GR"
1,CAFÉ,PCTE. DE 500 GR.
1,CAFÉ,QUILOGRAMA (KG.)
1,CAFÉ,QUILOS DE CAFÉ
1,CAFÉ,QUIOGRAMA
1,CAFÉ,PCTS 500G
1,CAFÉ,PCTS DE 250 GRAMAS
1,CAFÉ,PCTS.
1,CAFÉ,PCTE DE 500 G
1,CAFÉ,PCT. C/ 500 GRAMAS
1,CAFÉ,PCT. DE 500G.
1,CAFÉ,PCT - 250G
1,CAFÉ,PCT -250G
1,CAFE TORRADO,PCT 250G
1,CAFÉ,PCT 50 GRS
1,CAFÉ,PCT A VÁCUO C/ 500 G
1,CAFÉ,PCT C/
1,CAFÉ,PCT C/1/2 K
1,CAFÉ,PCT DE 500 GRAMS
1,CAFÉ,PACOTE COM 500 GRS
1,CAFÉ,PACOTE COM 500GRAMAS
1,CAFÉ,"PAR 2,00 UN"
1,CAFE TORRADO,PC C/250G
1,CAFÉ,PCOTES 500GR